{
    "eval_accuracy": 0.9340969455511288,
    "eval_loss": 0.17909133434295654,
    "eval_runtime": 23.6915,
    "eval_samples": 6024,
    "eval_samples_per_second": 254.268,
    "eval_steps_per_second": 7.978,
    "perplexity": 1.1961299869254463
}