{
    "eval_accuracy": 0.9045484727755644,
    "eval_loss": 0.25467976927757263,
    "eval_runtime": 24.3359,
    "eval_samples": 6024,
    "eval_samples_per_second": 247.536,
    "eval_steps_per_second": 7.766,
    "perplexity": 1.2900484415756563
}